{"cameraMode":{"drawMode":0,"name":"Shaded","section":"Shading Mode"},"sceneLighting":false,"audioPlay":false,"sceneViewState":{"m_AlwaysRefresh":false,"showFog":true,"showSkybox":false,"showFlares":true,"showImageEffects":true,"showParticleSystems":true,"showVisualEffectGraphs":true,"m_FxEnabled":true},"in2DMode":false,"pivot":{"x":-0.33871036767959597,"y":0.8533402681350708,"z":0.1396195888519287},"rotation":{"x":0.019988972693681718,"y":-0.9769999980926514,"z":0.18384692072868348,"w":0.10622072219848633},"size":1.2666680812835694,"orthographic":false}